camp;texte
droite;Alain Delon
droite;Alain Finkielkraut
droite;Bernard Arnault
droite;Béziers
droite;BFM Business
droite;Boulevard Voltaire
droite;Brigitte Bardot
droite;Bruno Retailleau
droite;c'était mieux avant
droite;Cannes
droite;Causeur
droite;Chantilly
droite;Charles de Gaulle
droite;Charles Maurras
droite;Charles Pasqua
droite;Chateaubriand
droite;Choose France
droite;Christian Clavier
droite;Christine Boutin
droite;CNews
droite;Cyril Hanouna
droite;Deauville
droite;Donald Trump
droite;Dubaï
droite;Elon Musk
droite;Éric Ciotti
droite;Éric Zemmour
droite;Europe 1
droite;fachiste
droite;facho
droite;fasciste
droite;Florian Philippot
droite;Franco
droite;François Fillon
droite;Génération identitaire
droite;Georges Pompidou
droite;Gérald Darmanin
droite;Giorgia Meloni
droite;Gstaad
droite;HEC
droite;Hénin-Beaumont
droite;identitaire
droite;Jacques Chirac
droite;Jair Bolsonaro
droite;Javier Milei
droite;Jean d'Ormesson
droite;Jean-Marie Bigard
droite;Jean-Marie Le Pen
droite;Jeanne d'Arc
droite;Johnny Hallyday
droite;Jordan Bardella
droite;l'abattage des loups
droite;l'Action française
droite;l'agent immobilier
droite;l'agriculture intensive
droite;l'agriculture productiviste
droite;l'Arabie saoudite
droite;l'aristocratie
droite;l'armagnac
droite;l'armée
droite;l'assistanat
droite;l'attractivité
droite;l'autoentrepreneur
droite;l'Automobile Club de France
droite;l'autorité
droite;l'autoroute A69
droite;l'avion
droite;l'école hors contrat
droite;l'école privée
droite;l'écologie punitive
droite;l'effort
droite;l'élitisme
droite;l'enseignement catholique
droite;l'entrecôte
droite;l'entrepreneuriat
droite;l'entreprise privée
droite;l'EPR
droite;l'équilibre budgétaire
droite;l'équitation
droite;l'état d'urgence
droite;l'excellence
droite;l'exil fiscal
droite;l'expert-comptable
droite;l'expulsion des clandestins
droite;l'expulsion des squatteurs
droite;l'extrême droite
droite;l'hélicoptère
droite;l'héritage
droite;l'héritier
droite;l'homme au foyer qui ramène l'argent
droite;l'identité nationale
droite;l'immigration zéro
droite;L'Incorrect
droite;l'influenceur crypto
droite;l'investissement en Bourse
droite;l'investissement locatif
droite;l'officier de l'armée
droite;l'optimisation fiscale
droite;l'ordre
droite;l'ordre moral
droite;l'OTAN
droite;l'ubérisation
droite;l'UMP
droite;l'uniforme à l'école
droite;la BAC
droite;la baisse de l'impôt sur les sociétés
droite;la baisse des allocations
droite;la baisse des charges
droite;la baisse des dépenses publiques
droite;la baisse des droits de succession
droite;la baisse des impôts
droite;la battue au sanglier
droite;La Baule
droite;la berline allemande
droite;la blanquette de veau
droite;la blouse à l'école
droite;la BMW
droite;la Bourse
droite;la cave à vin
droite;la charcuterie
droite;la chasse
droite;la chasse à courre
droite;la chasse privée
droite;la chemise à col boutonné
droite;la chemise Oxford
droite;la chevalière
droite;la City de Londres
droite;la civilisation occidentale
droite;la communion solennelle
droite;la compétitivité
droite;la complémentaire santé privée
droite;la corrida
droite;la corrida à Nîmes
droite;la Côte d'Azur
droite;la côte de bœuf
droite;la cravate
droite;la crèche de Noël en mairie
droite;la croissance économique
droite;la déchéance de nationalité
droite;la défiscalisation des heures supplémentaires
droite;la défiscalisation immobilière
droite;la dérégulation
droite;la dette publique
droite;la discipline
droite;la dissuasion nucléaire
droite;la doudoune Moncler
droite;la doudoune sans manches
droite;la dynastie
droite;la fachosphère
droite;la famille nombreuse
droite;la femme au foyer
droite;la fermeté
droite;la Ferrari
droite;la Fête des mères
droite;la fin des 35 heures
droite;la fin des ZFE
droite;la fin du droit du sol
droite;la finance
droite;la flat tax
droite;la Floride
droite;la FNSEA
droite;la Formule 1
droite;la France des clochers
droite;la France éternelle
droite;la France profonde
droite;la fraude sociale
droite;la gendarmerie
droite;la Harley-Davidson
droite;la hiérarchie
droite;la Légion d'honneur
droite;la Légion étrangère
droite;la légitime défense
droite;la liberté d'entreprendre
droite;la liberté de rouler
droite;la loi anti-squat
droite;la Manif pour tous
droite;la Marseillaise
droite;la Mercedes
droite;la méritocratie
droite;la messe du dimanche
droite;la messe en latin
droite;la mondialisation heureuse
droite;la montre suisse
droite;la moto de sport
droite;la natalité
droite;la NRA
droite;la pêche au gros
droite;la peine de mort
droite;la perpétuité réelle
droite;la police
droite;la police municipale armée
droite;la Porsche
droite;la préférence nationale
droite;la priorité nationale
droite;la prison
droite;la privatisation
droite;la propriété privée
droite;la racaille
droite;la reconnaissance faciale
droite;la réduction du nombre de fonctionnaires
droite;la réforme de l'assurance chômage
droite;la réforme des retraites
droite;la régulation du loup
droite;la remigration
droite;la résidence secondaire à l'île de Ré
droite;la responsabilité individuelle
droite;la retraite à 65 ans
droite;la retraite par capitalisation
droite;la rigueur
droite;la Rolex
droite;la ruralité
droite;la sécurité
droite;la sélection à l'université
droite;la Silicon Valley libertarienne
droite;la souveraineté nationale
droite;la start-up nation
droite;la Suisse
droite;la suppression de l'ISF
droite;la suppression des régimes spéciaux
droite;la tenue correcte exigée
droite;la tolérance zéro
droite;la tradition
droite;la tradition du sapin et de la crèche
droite;la truffe
droite;la valeur travail
droite;la Vendée
droite;la veste Barbour
droite;la viande rouge
droite;la vidéosurveillance
droite;la voiture
droite;la voiture de fonction
droite;Laurent Wauquiez
droite;le 16e arrondissement
droite;le 4x4
droite;le 7e arrondissement
droite;le 8e arrondissement
droite;le baisemain
droite;le bal des débutantes
droite;le ball-trap
droite;le banquier
droite;le barbecue
droite;le bateau à moteur
droite;le Bitcoin
droite;le blazer bleu marine
droite;le bon sens paysan
droite;le Bordeaux grand cru
droite;le bouclier fiscal
droite;le bridge
droite;le budget de la défense
droite;le cabinet d'avocats d'affaires
droite;le CAC 40
droite;le capital
droite;le capitalisme
droite;le carré Hermès
droite;le catéchisme
droite;le catholicisme traditionnel
droite;le caviar
droite;le céréalier
droite;le CETA
droite;le champagne
droite;le chasseur
droite;le château
droite;le chef d'entreprise
droite;le chèque éducation
droite;le cheval de course
droite;le chien de chasse
droite;le cigare
droite;le civet de sanglier
droite;le climatoscepticisme
droite;le clocher du village
droite;le club privé
droite;le cognac
droite;le collier de perles
droite;le conservatisme
droite;le consultant en stratégie
droite;le contrôle de l'immigration
droite;le costume cravate
droite;le couvre-feu
droite;le CRS
droite;le défilé du 14 juillet
droite;le déni climatique
droite;le diesel
droite;le drapeau
droite;le droit de propriété
droite;le droit du sang
droite;le fascisme
droite;Le Figaro
droite;le foie gras
droite;le Front national
droite;le gaz de schiste
droite;le gendarme
droite;le Général de Gaulle
droite;le gestionnaire de patrimoine
droite;le gibier
droite;le gigot d'agneau
droite;le glyphosate
droite;le golf
droite;le grand remplacement
droite;le homard
droite;Le JDD
droite;le jet privé
droite;le jet-ski
droite;le Jockey Club
droite;le Kärcher
droite;le laxisme judiciaire
droite;le libéralisme
droite;le libertarianisme
droite;le libre marché
droite;le libre-échange
droite;le Lions Club
droite;le lobbyiste
droite;le loden
droite;le Luxembourg
droite;le lycée Henri-IV
droite;le magret de canard
droite;le maréchal Pétain
droite;le mariage traditionnel
droite;le MEDEF
droite;le mérite
droite;le militaire
droite;le mocassin à glands
droite;le monarchisme
droite;le nationalisme
droite;le nœud papillon
droite;le notaire
droite;le nucléaire civil
droite;le Paris Saint-Germain du Qatar
droite;le pâté en croûte
droite;le patriarcat
droite;le patrimoine
droite;le patriotisme
droite;le patron
droite;le patronat
droite;le PDG
droite;le pèlerinage de Chartres
droite;le pétrole
droite;le pick-up
droite;Le Point
droite;le policier
droite;le polo
droite;le Polo de Paris
droite;le polo Ralph Lauren
droite;le port d'arme
droite;le porte-avions
droite;le porto
droite;le promoteur immobilier
droite;le propriétaire bailleur
droite;le pull sur les épaules
droite;le Puy du Fou
droite;le Qatar
droite;le quad
droite;le RAID
droite;le rallye mondain
droite;le Range Rover
droite;le Rassemblement national
droite;le réarmement
droite;le réarmement démographique
droite;le recul de l'âge de départ à la retraite
droite;le redoublement
droite;le rentier
droite;le repas de famille du dimanche
droite;le retour aux 90 km/h
droite;le retour de l'autorité à l'école
droite;le RN
droite;le Rotary Club
droite;le rôti du dimanche
droite;le RPR
droite;le rugby à Toulon
droite;le ruissellement
droite;le sac Louis Vuitton
droite;le Salon de l'agriculture
droite;le sapin de Noël
droite;le saucisson
droite;le serre-tête en velours
droite;le service militaire
droite;le service minimum
droite;le ski à Courchevel
droite;le souverainisme
droite;le steak frites
droite;le SUV
droite;le tartare de bœuf
droite;le terroir
droite;le Texas
droite;le tir sportif
droite;le trader
droite;le trading
droite;le travail le dimanche
droite;le trench Burberry
droite;le Var
droite;Le Vésinet
droite;le vouvoiement
droite;le whisky
droite;le yacht
droite;le yacht-club
droite;le yachting
droite;les actionnaires
droite;les armes à feu
droite;les assistés
droite;les bonnes manières
droite;les bottes Aigle
droite;les caméras de surveillance
droite;les centrales nucléaires
droite;les châteaux de la Loire
droite;les chaussures bateau
droite;les clandestins
droite;les cliniques privées
droite;les cloches des églises
droite;les courses hippiques
droite;les croisières
droite;les cryptomonnaies
droite;les dépassements d'honoraires
droite;les dividendes
droite;Les Échos
droite;les énergies fossiles
droite;les fachos
droite;les ferias
droite;les fonds de pension
droite;les forces de l'ordre
droite;les frontières
droite;les grandes écoles
droite;les grandes familles
droite;les grands projets d'infrastructure
droite;les huîtres
droite;les identitaires
droite;les méga-bassines
droite;les montres de luxe
droite;les néonazis
droite;les niches fiscales
droite;les notes à l'école
droite;les parachutistes
droite;les particules nobiliaires
droite;les peines planchers
droite;les pesticides
droite;les premiers de cordée
droite;les prépas privées
droite;les racines chrétiennes de la France
droite;les réacs
droite;Les Républicains
droite;les royalistes
droite;les scouts
droite;les start-ups
droite;les valeurs chrétiennes
droite;les valeurs familiales
droite;les vieilles familles françaises
droite;les voitures de collection
droite;Louis-Ferdinand Céline
droite;LR
droite;Margaret Thatcher
droite;Marine Le Pen
droite;Marion Maréchal
droite;Megève
droite;Michel Sardou
droite;Monaco
droite;Mussolini
droite;Napoléon
droite;nationaliste
droite;nazi
droite;néonazi
droite;Neuilly-sur-Seine
droite;Nice
droite;Nicolas Dupont-Aignan
droite;Nicolas Sarkozy
droite;Pascal Praud
droite;Perpignan
droite;pétainiste
droite;Philippe de Villiers
droite;Pinochet
droite;Radio Courtoisie
droite;réac
droite;réactionnaire
droite;Reconquête
droite;Ronald Reagan
droite;Saint-Cloud
droite;Saint-Germain-en-Laye
droite;Saint-Tropez
droite;Sarko
droite;Singapour
droite;skinhead
droite;souverainiste
droite;Stanislas
droite;Stéphane Bern
droite;Sud Radio
droite;TotalEnergies
droite;Toulon
droite;travailler plus pour gagner plus
droite;Truth Social
droite;un député RN
droite;un électeur de Zemmour
droite;un électeur du RN
droite;un maire LR
droite;un militant d'extrême droite
droite;un militant de l'Action française
droite;un militant de Reconquête
droite;un militant identitaire
droite;un militant LR
droite;un militant RN
droite;Valérie Pécresse
droite;Valéry Giscard d'Estaing
droite;Valeurs actuelles
droite;Versailles
droite;vichyste
droite;Viktor Orbán
droite;Vincent Bolloré
droite;Wall Street
droite;Zemmour
gauche;Agnès Varda
gauche;Alexandria Ocasio-Cortez
gauche;Ambroise Croizat
gauche;anarchiste
gauche;Anne Hidalgo
gauche;Annie Ernaux
gauche;antifa
gauche;antifasciste
gauche;Arlette Laguiller
gauche;Arte
gauche;Attac
gauche;Aubervilliers
gauche;Bagnolet
gauche;Barcelone
gauche;Bella ciao
gauche;Belleville
gauche;Berlin
gauche;Bernie Sanders
gauche;Bérurier Noir
gauche;Blast
gauche;bobo parisien
gauche;bolchevik
gauche;Che Guevara
gauche;Christiane Taubira
gauche;Clémentine Autain
gauche;communiste
gauche;Creative Commons
gauche;Cuba
gauche;écolo
gauche;Édouard Louis
gauche;EELV
gauche;Émile Zola
gauche;Emmaüs
gauche;Extinction Rebellion
gauche;Fabien Roussel
gauche;Fidel Castro
gauche;Firefox
gauche;France Culture
gauche;France Inter
gauche;François Hollande
gauche;François Mitterrand
gauche;François Ruffin
gauche;Frédéric Lordon
gauche;gauchiasse
gauche;gauchiste
gauche;gaucho
gauche;Georges Brassens
gauche;Greenpeace
gauche;Grenoble
gauche;Greta Thunberg
gauche;Hugo Chávez
gauche;insoumis
gauche;islamo-gauchiste
gauche;Ivry-sur-Seine
gauche;Jacques Prévert
gauche;Jean Ferrat
gauche;Jean Jaurès
gauche;Jean-Luc Godard
gauche;Jean-Luc Mélenchon
gauche;Jean-Paul Sartre
gauche;Jeremy Corbyn
gauche;Karl Marx
gauche;Ken Loach
gauche;Keny Arkana
gauche;Kery James
gauche;khmer vert
gauche;Konbini
gauche;l'abrogation de la réforme des retraites
gauche;l'accueil des migrants
gauche;l'accueil des réfugiés
gauche;l'adoption à la SPA
gauche;l'aide médicale d'État
gauche;l'altermondialisme
gauche;l'anarchie
gauche;l'animateur de colo
gauche;l'anti-impérialisme
gauche;l'anticapitalisme
gauche;l'antimilitarisme
gauche;l'antiracisme
gauche;l'antispécisme
gauche;l'assistante sociale
gauche;l'atelier vélo
gauche;l'augmentation des salaires
gauche;l'auto-stop
gauche;l'autopartage
gauche;l'avocado toast
gauche;l'école inclusive
gauche;l'école publique
gauche;l'écologie
gauche;l'écriture inclusive
gauche;l'éducateur spécialisé
gauche;l'éducation populaire
gauche;l'égalité
gauche;l'égalité salariale
gauche;l'encadrement des loyers
gauche;l'escalade
gauche;l'État-providence
gauche;l'Europe sociale
gauche;l'extrême gauche
gauche;l'hôpital public
gauche;L'Humanité
gauche;l'impôt progressif
gauche;l'impôt sur la fortune
gauche;l'inclusion
gauche;l'instituteur
gauche;l'interdiction de la corrida
gauche;l'interdiction des jets privés
gauche;l'intermittent du spectacle
gauche;l'Internationale
gauche;l'Interrail
gauche;l'occupation des facs
gauche;l'open source
gauche;l'ouverture des frontières
gauche;l'ouvrier syndiqué
gauche;l'UNEF
gauche;l'union de la gauche
gauche;l'Union soviétique
gauche;l'urgence climatique
gauche;L214
gauche;la banlieue rouge
gauche;la barbe de hipster
gauche;la Bastille
gauche;la bibliothèque municipale
gauche;la bière artisanale
gauche;la Biocoop
gauche;la cantine autogérée
gauche;la CGT
gauche;la chanson à texte
gauche;la colocation
gauche;la Commune de Paris
gauche;la coopérative
gauche;la Creuse
gauche;la Croix-Rousse
gauche;la déconstruction
gauche;la décroissance
gauche;la défense du service public
gauche;la démocratie participative
gauche;la désobéissance civile
gauche;la diversité
gauche;la faucille et le marteau
gauche;la fête de l'Huma
gauche;la fin de l'élevage intensif
gauche;la fin de la chasse
gauche;la fin des paradis fiscaux
gauche;la fonction publique
gauche;la France insoumise
gauche;la friperie
gauche;la gratuité de l'université
gauche;la gratuité des cantines
gauche;la gratuité des transports
gauche;la grève
gauche;la hausse des impôts des plus riches
gauche;la hausse du point d'indice
gauche;la justice climatique
gauche;la justice sociale
gauche;la légalisation du cannabis
gauche;la liberté de circulation
gauche;la Ligue des droits de l'homme
gauche;la lutte contre l'évasion fiscale
gauche;la lutte contre les violences faites aux femmes
gauche;la lutte des classes
gauche;la manifestation
gauche;la marche à pied
gauche;la marche des fiertés
gauche;la neutralité du net
gauche;la NUPES
gauche;la parité
gauche;la pédagogie Freinet
gauche;la permaculture
gauche;la pétition
gauche;la piétonnisation
gauche;la Place de la République
gauche;la PMA
gauche;la PMA pour toutes
gauche;la poterie
gauche;la protection du loup
gauche;la Quadrature du Net
gauche;la redistribution
gauche;la régularisation des sans-papiers
gauche;la réintroduction de l'ours
gauche;la réquisition des logements vides
gauche;la ressourcerie
gauche;la retraite à 60 ans
gauche;la retraite à 62 ans
gauche;la révolution prolétarienne
gauche;la Rose au poing
gauche;la salopette
gauche;la Sécu pour tous
gauche;la sécurité sociale
gauche;la Seine-Saint-Denis
gauche;la semaine de 32 heures
gauche;la sixième République
gauche;la sobriété
gauche;la solidarité
gauche;la sortie du nucléaire
gauche;la soupe populaire
gauche;la Suède
gauche;la taxe carbone sur les jets privés
gauche;la taxe sur les résidences secondaires
gauche;la taxe sur les superprofits
gauche;la taxe sur les transactions financières
gauche;la taxe Zucman
gauche;la titularisation des contractuels
gauche;la végétalisation des villes
gauche;la veste en velours côtelé
gauche;la ville du quart d'heure
gauche;la ZAD
gauche;le 11e arrondissement
gauche;le 1er mai
gauche;le 20e arrondissement
gauche;le bibliothécaire
gauche;le bien-être animal
gauche;le bio
gauche;le blocage des prix
gauche;le blocage du lycée
gauche;le bonnet en laine
gauche;le boycott
gauche;le brunch
gauche;le burger végétarien
gauche;le café associatif
gauche;le café de spécialité
gauche;le café équitable
gauche;le Canal Saint-Martin
gauche;Le Canard enchaîné
gauche;le cheminot
gauche;le chercheur au CNRS
gauche;le chou kale
gauche;le cinéma d'auteur
gauche;le cirque
gauche;le commerce équitable
gauche;le communisme
gauche;le compost
gauche;le contrôle des loyers
gauche;le copyleft
gauche;le covoiturage
gauche;le curry de légumes
gauche;le désarmement nucléaire
gauche;le docker
gauche;le drapeau arc-en-ciel
gauche;le drapeau noir
gauche;le drapeau rouge
gauche;le droit à l'avortement
gauche;le droit au logement
gauche;le droit de grève
gauche;le droit de vote des étrangers
gauche;le falafel
gauche;le féminisme
gauche;le festival d'Avignon
gauche;le Front populaire
gauche;le hip-hop
gauche;le houmous
gauche;le jonglage
gauche;le keffieh
gauche;le kombucha
gauche;le lait d'avoine
gauche;le Larzac
gauche;le logement social
gauche;le logiciel libre
gauche;le mariage pour tous
gauche;le marxisme
gauche;Le Média
gauche;le métallo
gauche;le militant associatif
gauche;le militantisme
gauche;le militantisme féministe
gauche;Le Monde diplomatique
gauche;le mouvement associatif
gauche;le multiculturalisme
gauche;le mur des Fédérés
gauche;le Nouveau Front populaire
gauche;le NPA
gauche;le pacifisme
gauche;le pain au levain
gauche;le partage du temps de travail
gauche;le Parti communiste
gauche;le Parti socialiste
gauche;le PCF
gauche;le piercing
gauche;le poing levé
gauche;le postier
gauche;le potager partagé
gauche;le professeur des écoles
gauche;le programme commun
gauche;le progrès social
gauche;le prolétariat
gauche;le PS
gauche;le pull tricoté main
gauche;le punk
gauche;le quinoa
gauche;le rap engagé
gauche;le refuge pour animaux
gauche;le reggae
gauche;le repair café
gauche;le repas à 1 euro au Crous
gauche;le RER
gauche;le restaurant végan
gauche;le revenu universel
gauche;le RSA
gauche;le sarouel
gauche;le seitan
gauche;le skate
gauche;le slam
gauche;le SMIC
gauche;le socialisme
gauche;le sociologue
gauche;le squat
gauche;le steak végétal
gauche;le t-shirt Che Guevara
gauche;Le Temps des cerises
gauche;le TER
gauche;le théâtre d'impro
gauche;le théâtre de rue
gauche;le théâtre subventionné
gauche;le tofu
gauche;le tote bag
gauche;le train de nuit
gauche;le tramway
gauche;le travailleur humanitaire
gauche;le tricot
gauche;le véganisme
gauche;le végétarisme
gauche;le Vélib
gauche;le vélo
gauche;le vélo cargo
gauche;le vélo électrique
gauche;le vin nature
gauche;le vote utile à gauche
gauche;le vrac
gauche;le wokisme
gauche;Lénine
gauche;léniniste
gauche;Léo Ferré
gauche;Léon Blum
gauche;les 35 heures
gauche;les abeilles
gauche;les acquis sociaux
gauche;les allocations
gauche;les AMAP
gauche;les anars
gauche;les antifas
gauche;les APL
gauche;les assemblées générales
gauche;les biens communs
gauche;les Birkenstock
gauche;les black blocs
gauche;les bobos
gauche;les bolcheviques
gauche;les bourses étudiantes
gauche;les chaussures véganes
gauche;les cheveux teints en bleu
gauche;les classes à effectifs réduits
gauche;les cocos
gauche;les communistes
gauche;les congés payés
gauche;les dreadlocks
gauche;les droits des animaux
gauche;les droits LGBT
gauche;les Écologistes
gauche;les écolos
gauche;les énergies renouvelables
gauche;les enseignants
gauche;les éoliennes
gauche;les études de genre
gauche;les festivals de musique alternative
gauche;les gauchistes
gauche;les gauchos
gauche;les Gracques
gauche;les graines germées
gauche;les infirmières
gauche;Les Inrocks
gauche;les insoumis
gauche;les jardins ouvriers
gauche;les jeux de société coopératifs
gauche;les lentilles corail
gauche;les minima sociaux
gauche;les nationalisations
gauche;les personnes trans
gauche;les pistes cyclables
gauche;les poules en liberté
gauche;les Restos du cœur
gauche;les rues aux écoles
gauche;les sandales en cuir
gauche;les services publics
gauche;les socialos
gauche;les Solidays
gauche;Les Soulèvements de la Terre
gauche;les syndicats
gauche;les tatouages
gauche;les toilettes sèches
gauche;les tracts
gauche;les transports en commun
gauche;les trotskistes
gauche;les Verts
gauche;les vêtements de seconde main
gauche;les zadistes
gauche;les zapatistes
gauche;LFI
gauche;Libé
gauche;Libération
gauche;Linux
gauche;Lionel Jospin
gauche;Lula
gauche;Lutte ouvrière
gauche;Mai 68
gauche;Manu Chao
gauche;maoïste
gauche;Marine Tondelier
gauche;Martine Aubry
gauche;marxiste
gauche;Mastodon
gauche;Mediapart
gauche;Mélenchon
gauche;Ménilmontant
gauche;Merci patron !
gauche;MeToo
gauche;Michel Foucault
gauche;Montreuil
gauche;Nantes
gauche;Noam Chomsky
gauche;Noir Désir
gauche;Notre-Dame-des-Landes
gauche;Nuit debout
gauche;Olivier Besancenot
gauche;Olivier Faure
gauche;Philippe Poutou
gauche;Pierre Bourdieu
gauche;Politis
gauche;Quotidien
gauche;Radio Nova
gauche;Raphaël Glucksmann
gauche;Renaud
gauche;Rennes
gauche;Reporterre
gauche;révolutionnaire
gauche;Robert Guédiguian
gauche;Rosa Luxemburg
gauche;Saint-Denis
gauche;Sandrine Rousseau
gauche;Ségolène Royal
gauche;Simone de Beauvoir
gauche;socialiste
gauche;SOS Méditerranée
gauche;SOS Racisme
gauche;taxer les riches
gauche;Télérama
gauche;Thomas Piketty
gauche;Trotski
gauche;trotskiste
gauche;Tryo
gauche;un coco
gauche;un député insoumis
gauche;un électeur de gauche
gauche;un électeur de Mélenchon
gauche;un maire socialiste
gauche;un militant antifa
gauche;un militant communiste
gauche;un militant d'extrême gauche
gauche;un militant écolo
gauche;un militant LFI
gauche;un militant syndical
gauche;Villeurbanne
gauche;Vinted
gauche;Virginie Despentes
gauche;Wikipédia
gauche;woke
gauche;wokiste
gauche;Zebda
